{"test_MSE": 8224.9033203125, "test_r_squared": 0.371572344327355, "training_time": 6.19249701499939}