{"f1_macro": 0.38859771360442863, "training_time": 6.712116241455078}